{
    "epoch_means": {
        "10": {
            "auroc": 0.46916503587736463,
            "auprc": 0.23743335035303498,
            "precision": 0.2887245473488872,
            "recall": 0.5457142857142857,
            "f1": 0.2908133376222827
        },
        "20": {
            "auroc": 0.4860600130463144,
            "auprc": 0.256317324608445,
            "precision": 0.26134453781512607,
            "recall": 0.2947619047619048,
            "f1": 0.22572675972675976
        },
        "30": {
            "auroc": 0.5300326157860404,
            "auprc": 0.2551859848472466,
            "precision": 0.30021701048448246,
            "recall": 0.3823809523809524,
            "f1": 0.2915722095398293
        },
        "40": {
            "auroc": 0.547495107632094,
            "auprc": 0.2604882177682507,
            "precision": 0.2958974358974359,
            "recall": 0.5714285714285714,
            "f1": 0.3481162148689647
        },
        "50": {
            "auroc": 0.5943444227005871,
            "auprc": 0.29523346256939026,
            "precision": 0.31659692052133914,
            "recall": 0.56,
            "f1": 0.4002323841033519
        },
        "60": {
            "auroc": 0.6507371167645142,
            "auprc": 0.33298537580831955,
            "precision": 0.31183907516580694,
            "recall": 0.7352380952380952,
            "f1": 0.43275125372140294
        },
        "70": {
            "auroc": 0.662720156555773,
            "auprc": 0.33827770904404675,
            "precision": 0.3303807433784015,
            "recall": 0.6771428571428572,
            "f1": 0.4356731822046111
        },
        "80": {
            "auroc": 0.6293868232224398,
            "auprc": 0.32877520393766996,
            "precision": 0.3216179933949969,
            "recall": 0.6580952380952381,
            "f1": 0.4297762303914534
        },
        "90": {
            "auroc": 0.6172276581865623,
            "auprc": 0.3284647035073594,
            "precision": 0.33930806938159874,
            "recall": 0.6195238095238095,
            "f1": 0.42201810692927166
        },
        "100": {
            "auroc": 0.602426614481409,
            "auprc": 0.31864611001631715,
            "precision": 0.3497959183673469,
            "recall": 0.48999999999999994,
            "f1": 0.3757876905702992
        },
        "110": {
            "auroc": 0.6046510110893673,
            "auprc": 0.3313302527329218,
            "precision": 0.3480315221482979,
            "recall": 0.51,
            "f1": 0.3805495825971673
        },
        "120": {
            "auroc": 0.6018851924331377,
            "auprc": 0.33249355296724,
            "precision": 0.35961051693404633,
            "recall": 0.4038095238095238,
            "f1": 0.36536156095366623
        },
        "130": {
            "auroc": 0.5954598825831703,
            "auprc": 0.3240606365406447,
            "precision": 0.34583235867446394,
            "recall": 0.41428571428571426,
            "f1": 0.3486202686202686
        },
        "140": {
            "auroc": 0.6070515329419439,
            "auprc": 0.32989839553800315,
            "precision": 0.31882871502395566,
            "recall": 0.568095238095238,
            "f1": 0.39560469548615396
        },
        "150": {
            "auroc": 0.6071102413568168,
            "auprc": 0.3153003323771685,
            "precision": 0.3166697079675324,
            "recall": 0.5776190476190476,
            "f1": 0.39886710075655635
        },
        "160": {
            "auroc": 0.6071428571428572,
            "auprc": 0.30984806698820627,
            "precision": 0.3022129210093155,
            "recall": 0.5709523809523809,
            "f1": 0.3908278300530636
        },
        "170": {
            "auroc": 0.6103946510110895,
            "auprc": 0.29654211628464966,
            "precision": 0.34170585930597913,
            "recall": 0.48047619047619045,
            "f1": 0.3789201432767916
        },
        "180": {
            "auroc": 0.6112100456621005,
            "auprc": 0.31329772409259143,
            "precision": 0.33000333000333,
            "recall": 0.4504761904761905,
            "f1": 0.37398164071015083
        },
        "190": {
            "auroc": 0.6021493803000653,
            "auprc": 0.30850203033267426,
            "precision": 0.3812280701754386,
            "recall": 0.39333333333333337,
            "f1": 0.35519747829225556
        },
        "200": {
            "auroc": 0.6011611219830397,
            "auprc": 0.3121551987323385,
            "precision": 0.3723718683277507,
            "recall": 0.41238095238095235,
            "f1": 0.37311846086236333
        },
        "210": {
            "auroc": 0.6028832354859752,
            "auprc": 0.31496611462639257,
            "precision": 0.34944444444444445,
            "recall": 0.4333333333333333,
            "f1": 0.3652915951972555
        },
        "220": {
            "auroc": 0.5965231572080887,
            "auprc": 0.31026931481548425,
            "precision": 0.29737824954543224,
            "recall": 0.5719047619047619,
            "f1": 0.3830773930406207
        },
        "230": {
            "auroc": 0.5966405740378343,
            "auprc": 0.31925343262399536,
            "precision": 0.40270034843205577,
            "recall": 0.4033333333333333,
            "f1": 0.38163627597089506
        },
        "240": {
            "auroc": 0.5953489889106327,
            "auprc": 0.3258982957535993,
            "precision": 0.35963218390804597,
            "recall": 0.4314285714285714,
            "f1": 0.3808587053484854
        },
        "250": {
            "auroc": 0.5979843444227007,
            "auprc": 0.3279762920219477,
            "precision": 0.3617912786736316,
            "recall": 0.5595238095238095,
            "f1": 0.41494359435204126
        },
        "260": {
            "auroc": 0.6058447488584475,
            "auprc": 0.32871170595492644,
            "precision": 0.4533699633699634,
            "recall": 0.45476190476190476,
            "f1": 0.38153241861716436
        },
        "270": {
            "auroc": 0.6031963470319635,
            "auprc": 0.3271754184853033,
            "precision": 0.3563543743078627,
            "recall": 0.5599999999999999,
            "f1": 0.4031044031044031
        },
        "280": {
            "auroc": 0.5962296151337247,
            "auprc": 0.3278430957014805,
            "precision": 0.37607044804018924,
            "recall": 0.49428571428571433,
            "f1": 0.38498292615065777
        },
        "290": {
            "auroc": 0.6120417482061317,
            "auprc": 0.3341725647600639,
            "precision": 0.37321686116863084,
            "recall": 0.6095238095238095,
            "f1": 0.4020701714372601
        },
        "300": {
            "auroc": 0.6187214611872146,
            "auprc": 0.3339782770483058,
            "precision": 0.3631428571428571,
            "recall": 0.5900000000000001,
            "f1": 0.4083864804991566
        }
    },
    "epoch_stds": {
        "10": {
            "auroc": 0.04066956828094948,
            "auprc": 0.03932054481390159,
            "precision": 0.10612108005021464,
            "recall": 0.3060627001404019,
            "f1": 0.1059752519123923
        },
        "20": {
            "auroc": 0.04559529452743069,
            "auprc": 0.038284003299293545,
            "precision": 0.03649366543672459,
            "recall": 0.23112855332750495,
            "f1": 0.1031867517216306
        },
        "30": {
            "auroc": 0.05833305896617932,
            "auprc": 0.03913481167624866,
            "precision": 0.06329394505182064,
            "recall": 0.24244409318850285,
            "f1": 0.11462178510867255
        },
        "40": {
            "auroc": 0.06425354352977164,
            "auprc": 0.035274433977001196,
            "precision": 0.043043270102011866,
            "recall": 0.28876152782988335,