{
    "epoch_means": {
        "10": {
            "auroc": 0.5263470319634703,
            "auprc": 0.2965714100004517,
            "precision": 0.4175309849967384,
            "recall": 0.48,
            "f1": 0.3272796352583586
        },
        "20": {
            "auroc": 0.5865753424657534,
            "auprc": 0.296627963650419,
            "precision": 0.280726017849419,
            "recall": 0.7438095238095237,
            "f1": 0.3859171495845853
        },
        "30": {
            "auroc": 0.5882387475538161,
            "auprc": 0.2946171002145758,
            "precision": 0.29515690220632085,
            "recall": 0.7252380952380953,
            "f1": 0.3896645021645021
        },
        "40": {
            "auroc": 0.5926614481409002,
            "auprc": 0.30948723899870334,
            "precision": 0.312792894935752,
            "recall": 0.5114285714285713,
            "f1": 0.37690231458903856
        },
        "50": {
            "auroc": 0.5844553163731246,
            "auprc": 0.3290008227054657,
            "precision": 0.35428723323460165,
            "recall": 0.5695238095238094,
            "f1": 0.3600889191182165
        },
        "60": {
            "auroc": 0.5996607958251794,
            "auprc": 0.32242948390382037,
            "precision": 0.3224204491948394,
            "recall": 0.6371428571428571,
            "f1": 0.3930876031735038
        },
        "70": {
            "auroc": 0.6032615786040443,
            "auprc": 0.3193559173233071,
            "precision": 0.311542537936882,
            "recall": 0.6195238095238095,
            "f1": 0.3864000772722882
        },
        "80": {
            "auroc": 0.6045335942596216,
            "auprc": 0.32361776527281955,
            "precision": 0.28703185517582624,
            "recall": 0.6747619047619048,
            "f1": 0.39497840809147655
        },
        "90": {
            "auroc": 0.6133985649054143,
            "auprc": 0.3296803648400324,
            "precision": 0.34077020202020203,
            "recall": 0.5204761904761904,
            "f1": 0.3882926651347704
        },
        "100": {
            "auroc": 0.6166470971950424,
            "auprc": 0.32803856793050645,
            "precision": 0.302415896124336,
            "recall": 0.7038095238095239,
            "f1": 0.4155555555555555
        }
    },
    "epoch_stds": {
        "10": {
            "auroc": 0.03858632702102487,
            "auprc": 0.053017956943135484,
            "precision": 0.18723462348526654,
            "recall": 0.30353398461884645,
            "f1": 0.08357927264943021
        },
        "20": {
            "auroc": 0.04688767445711979,
            "auprc": 0.04664400618076327,
            "precision": 0.03706638729699008,
            "recall": 0.22975191194652525,
            "f1": 0.03301917027631767
        },
        "30": {
            "auroc": 0.057706134598408475,
            "auprc": 0.01839431080068802,
            "precision": 0.07223683867254017,
            "recall": 0.22924800659128336,
            "f1": 0.010154594010727656
        },
        "40": {
            "auroc": 0.06366208429477073,
            "auprc": 0.04372023327687045,
            "precision": 0.04533366682403205,
            "recall": 0.16893289198810535,
            "f1": 0.056000302244952505
        },
        "50": {
            "auroc": 0.07616059561151636,
            "auprc": 0.037182262250761475,
            "precision": 0.08594397973298419,
            "recall": 0.3096168358374809,
            "f1": 0.10322095697987292
        },
        "60": {
            "auroc": 0.067413478457347,
            "auprc": 0.030891969132653158,
            "precision": 0.06936699298519805,
            "recall": 0.2750947064297474,
            "f1": 0.0638742298995313
        },
        "70": {
            "auroc": 0.053481722603807354,
            "auprc": 0.03425397990966107,
            "precision": 0.04321766958953749,
            "recall": 0.25123008038047884,
            "f1": 0.0544330492362746
        },
        "80": {
            "auroc": 0.05731266860051245,
            "auprc": 0.04038092503864568,
            "precision": 0.03416087901156131,
            "recall": 0.17862919700506893,
            "f1": 0.043719064852525545
        },
        "90": {
            "auroc": 0.05794348158669794,
            "auprc": 0.03481576985652926,
            "precision": 0.04473377044633135,
            "recall": 0.20203948784464407,
            "f1": 0.06250828463483657
        },
        "100": {
            "auroc": 0.0592979769083487,
            "auprc": 0.03612866862985396,
            "precision": 0.03440662371289124,
            "recall": 0.15794599955526004,
            "f1": 0.03501191366608474
        }
    },
    "best_epoch": 100,
    "final_auroc_mean": 0.6166470971950424,
    "final_auroc_std": 0.0592979769083487
}