{
    "epoch_means": {
        "10": {
            "auroc": 0.4993085453359426,
            "auprc": 0.22724975705173245,
            "precision": 0.23498143236074273,
            "recall": 0.3338095238095238,
            "f1": 0.26218642117376295
        },
        "20": {
            "auroc": 0.5658121330724071,
            "auprc": 0.2707336072647405,
            "precision": 0.31814471836582625,
            "recall": 0.48142857142857143,
            "f1": 0.3749245971275535
        },
        "30": {
            "auroc": 0.5427592954990215,
            "auprc": 0.2540714999529985,
            "precision": 0.31529255690546015,
            "recall": 0.4404761904761905,
            "f1": 0.34210843373493977
        },
        "40": {
            "auroc": 0.5415525114155251,
            "auprc": 0.25840523412160005,
            "precision": 0.3465259886312518,
            "recall": 0.48952380952380947,
            "f1": 0.3635835862250956
        },
        "50": {
            "auroc": 0.5520874103065884,
            "auprc": 0.27564929901625146,
            "precision": 0.33986628138756236,
            "recall": 0.4038095238095238,
            "f1": 0.34666655344719677
        },
        "60": {
            "auroc": 0.570737116764514,
            "auprc": 0.2774992183715024,
            "precision": 0.2873015873015873,
            "recall": 0.4066666666666666,
            "f1": 0.32611483872335467
        },
        "70": {
            "auroc": 0.5456099151989563,
            "auprc": 0.2673392994489193,
            "precision": 0.31805194805194803,
            "recall": 0.35523809523809524,
            "f1": 0.328780487804878
        },
        "80": {
            "auroc": 0.5392237442922374,
            "auprc": 0.2798074970081064,
            "precision": 0.2945165945165945,
            "recall": 0.41666666666666663,
            "f1": 0.315485842985843
        },
        "90": {
            "auroc": 0.5343966079582518,
            "auprc": 0.2733144300452049,
            "precision": 0.3592113768584357,
            "recall": 0.36333333333333334,
            "f1": 0.3359912854030501
        },
        "100": {
            "auroc": 0.5423287671232877,
            "auprc": 0.2699992332879565,
            "precision": 0.2864343265430222,
            "recall": 0.5652380952380952,
            "f1": 0.3395057117555601
        },
        "110": {
            "auroc": 0.5118786692759296,
            "auprc": 0.2710495111853558,
            "precision": 0.33205775705775703,
            "recall": 0.32571428571428573,
            "f1": 0.3134842370624342
        },
        "120": {
            "auroc": 0.5763209393346379,
            "auprc": 0.2959108471407679,
            "precision": 0.301556141218127,
            "recall": 0.5480952380952382,
            "f1": 0.3790191279697803
        },
        "130": {
            "auroc": 0.5719569471624266,
            "auprc": 0.30383908068886734,
            "precision": 0.34901302401302403,
            "recall": 0.4204761904761905,
            "f1": 0.3465085598795276
        },
        "140": {
            "auroc": 0.5452250489236791,
            "auprc": 0.28529585293882737,
            "precision": 0.3557614133833646,
            "recall": 0.4166666666666667,
            "f1": 0.3222239558953555
        },
        "150": {
            "auroc": 0.5232224396607957,
            "auprc": 0.2778528946730152,
            "precision": 0.36854135338345867,
            "recall": 0.42142857142857143,
            "f1": 0.32303498469827074
        }
    },
    "epoch_stds": {
        "10": {
            "auroc": 0.06565149055843511,
            "auprc": 0.03519127252023936,
            "precision": 0.1340230444563244,
            "recall": 0.22740974636933256,
            "f1": 0.15595887040376816
        },
        "20": {
            "auroc": 0.025949152169921164,
            "auprc": 0.012658321907910709,
            "precision": 0.025372405794937734,
            "recall": 0.11982981128863297,
            "f1": 0.043570541750678725
        },
        "30": {
            "auroc": 0.05141619381204278,
            "auprc": 0.020451108905416085,
            "precision": 0.03523962226074087,
            "recall": 0.19451666944988943,
            "f1": 0.05757926999106808
        },
        "40": {
            "auroc": 0.06610081961273344,
            "auprc": 0.020104371821166228,
            "precision": 0.0782403889411681,
            "recall": 0.2157810261518967,
            "f1": 0.05116082049192593
        },
        "50": {
            "auroc": 0.05625704429802373,
            "auprc": 0.04629574558091358,
            "precision": 0.062094503359290606,
            "recall": 0.13917965029661966,
            "f1": 0.08004387736041062
        },
        "60": {
            "auroc": 0.08228555052402284,
            "auprc": 0.04065222153303898,
            "precision": 0.14551322712845513,
            "recall": 0.24050872010063262,
            "f1": 0.16600758610927746
        },
        "70": {
            "auroc": 0.10883271651825077,
            "auprc": 0.07994490082359544,
            "precision": 0.077333467100033,
            "recall": 0.139576619292277,
            "f1": 0.09389858256155273
        },
        "80": {
            "auroc": 0.06964596153056185,
            "auprc": 0.06527644631248297,
            "precision": 0.03488483967947771,
            "recall": 0.232866393817602,
            "f1": 0.08927241636917072
        },
        "90": {
            "auroc": 0.06695281806947392,
            "auprc": 0.05679778611964714,
            "precision": 0.07446109209539885,
            "recall": 0.15635154296860052,
            "f1": 0.08003734633619435
        },
        "100": {
            "auroc": 0.059934541238730696,
            "auprc": 0.05850125707419748,
            "precision": 0.044922591601985286,
            "recall": 0.2787142491030217,
            "f1": 0.051023213626745646
        },
        "110": {
            "auroc": 0.08953508269670352,
            "auprc": 0.07164819144082939,
            "precision": 0.052138823583018544,
            "recall": 0.16107912732806498,
            "f1": 0.11060188171937076
        },
        "120": {
            "auroc": 0.02691444703813472,
            "auprc": 0.04498889890936519,
            "precision": 0.04581202748327256,
            "recall": 0.13388830082387956,
            "f1": 0.028551276828314754
        },
        "130": {
            "auroc": 0.06247531603899472,
            "auprc": 0.06778333757661463,
            "precision": 0.05680669452479047,
            "recall": 0.1947182393710568,
            "f1": 0.04373838149987546
        },
        "140": {
            "auroc": 0.04857921175817187,
            "auprc": 0.057853840965958116,
            "precision": 0.10458286385263063,
            "recall": 0.2724458797075385,
            "f1": 0.08356124738707407
        },
        "150": {
            "auroc": 0.06723875094269097,
            "auprc": 0.08162387505583954,
            "precision": 0.17856343852326378,
            "recall": 0.2486197727117052,
            "f1": 0.09272869319413386
        }
    },
    "best_epoch": 120,
    "final_auroc_mean": 0.5232224396607957,
    "final_auroc_std": 0.06723875094269097
}