{
    "epoch_means": {
        "10": {
            "auroc": 0.4711154598825832,
            "auprc": 0.25283974856411884,
            "precision": 0.3277777777777778,
            "recall": 0.42095238095238097,
            "f1": 0.27790402228628663
        },
        "20": {
            "auroc": 0.4986105675146771,
            "auprc": 0.26316237542980947,
            "precision": 0.3018999518999519,
            "recall": 0.27285714285714285,
            "f1": 0.2602806422062248
        },
        "30": {
            "auroc": 0.49106979778212656,
            "auprc": 0.270026143344735,
            "precision": 0.3539819376026273,
            "recall": 0.2257142857142857,
            "f1": 0.22772549019607843
        },
        "40": {
            "auroc": 0.515225048923679,
            "auprc": 0.29976265672623564,
            "precision": 0.4712912087912088,
            "recall": 0.3419047619047619,
            "f1": 0.3022222222222222
        },
        "50": {
            "auroc": 0.5020026092628832,
            "auprc": 0.26603761716499064,
            "precision": 0.28106060606060607,
            "recall": 0.26,
            "f1": 0.23634017595307916
        },
        "60": {
            "auroc": 0.5357990867579908,
            "auprc": 0.280379172349903,
            "precision": 0.3054651118545642,
            "recall": 0.49857142857142855,
            "f1": 0.33686042348395906
        },
        "70": {
            "auroc": 0.5538747553816048,
            "auprc": 0.28621857755693786,
            "precision": 0.33294217395912307,
            "recall": 0.5166666666666666,
            "f1": 0.33290062054212993
        },
        "80": {
            "auroc": 0.5535029354207437,
            "auprc": 0.2836771507101793,
            "precision": 0.3152069605271576,
            "recall": 0.5933333333333333,
            "f1": 0.331943924470446
        },
        "90": {
            "auroc": 0.5739595564253099,
            "auprc": 0.284736642326655,
            "precision": 0.290093980690274,
            "recall": 0.6766666666666667,
            "f1": 0.40058478566653555
        },
        "100": {
            "auroc": 0.5733463796477495,
            "auprc": 0.28946828798741986,
            "precision": 0.2923994172487716,
            "recall": 0.6571428571428571,
            "f1": 0.397555932034481
        }
    },
    "epoch_stds": {
        "10": {
            "auroc": 0.07519509764197897,
            "auprc": 0.041026733147434304,
            "precision": 0.09686442096757052,
            "recall": 0.3272554737887765,
            "f1": 0.1053654709437439
        },
        "20": {
            "auroc": 0.0629443218438528,
            "auprc": 0.04314254410364084,
            "precision": 0.03902790596859337,
            "recall": 0.14400806225855847,
            "f1": 0.07405367501771704
        },
        "30": {
            "auroc": 0.06672522298702707,
            "auprc": 0.04311907211064932,
            "precision": 0.0811819986471384,
            "recall": 0.1659262464903501,
            "f1": 0.127305228902253
        },
        "40": {
            "auroc": 0.06731444826126942,
            "auprc": 0.05471754730731604,
            "precision": 0.2688556262332051,
            "recall": 0.19824971083410184,
            "f1": 0.11420014433214384
        },
        "50": {
            "auroc": 0.07476081623306931,
            "auprc": 0.035895491012743634,
            "precision": 0.14764294407387904,
            "recall": 0.21080990566510532,
            "f1": 0.14501400318309066
        },
        "60": {
            "auroc": 0.06921868577150299,
            "auprc": 0.03521826448551898,
            "precision": 0.08601385207487068,
            "recall": 0.25894255572526675,
            "f1": 0.09883366350852307
        },
        "70": {
            "auroc": 0.06810942865465658,
            "auprc": 0.03434412386263696,
            "precision": 0.08554285750158268,
            "recall": 0.259801075131447,
            "f1": 0.12221432759185685
        },
        "80": {
            "auroc": 0.06961825159202004,
            "auprc": 0.03172920747531893,
            "precision": 0.09367497625070736,
            "recall": 0.28802793389348164,
            "f1": 0.12389676435357203
        },
        "90": {
            "auroc": 0.049141617644232055,
            "auprc": 0.051617347155733725,
            "precision": 0.040379717618361836,
            "recall": 0.09647294687350465,
            "f1": 0.029616358652011607
        },
        "100": {
            "auroc": 0.05209047736641335,
            "auprc": 0.05010386322591939,
            "precision": 0.03561176720151606,
            "recall": 0.15003400974989856,
            "f1": 0.03601775220339216
        }
    },
    "best_epoch": 90,
    "final_auroc_mean": 0.5733463796477495,
    "final_auroc_std": 0.05209047736641335
}