{
    "epoch_means": {
        "10": {
            "auroc": 0.5351859099804306,
            "auprc": 0.2376403771322532,
            "precision": 0.276026751026751,
            "recall": 0.5876190476190477,
            "f1": 0.36018442398895506
        },
        "20": {
            "auroc": 0.5500978473581213,
            "auprc": 0.2887157545954993,
            "precision": 0.2840070561999505,
            "recall": 0.5866666666666667,
            "f1": 0.36131616489822865
        },
        "30": {
            "auroc": 0.5470906718851924,
            "auprc": 0.2680741983345506,
            "precision": 0.28804342804342803,
            "recall": 0.6166666666666666,
            "f1": 0.37333333333333335
        },
        "40": {
            "auroc": 0.552948467058056,
            "auprc": 0.2979031214811978,
            "precision": 0.3017617866004963,
            "recall": 0.5304761904761904,
            "f1": 0.3547967479674797
        },
        "50": {
            "auroc": 0.5530789302022179,
            "auprc": 0.297712900570703,
            "precision": 0.38022026638172635,
            "recall": 0.4447619047619048,
            "f1": 0.29814239810586846
        },
        "60": {
            "auroc": 0.5772341813437704,
            "auprc": 0.3010443576080396,
            "precision": 0.3215301356660983,
            "recall": 0.568095238095238,
            "f1": 0.3658242090541713
        },
        "70": {
            "auroc": 0.5839204174820614,
            "auprc": 0.30520005690211516,
            "precision": 0.30093582296076793,
            "recall": 0.6,
            "f1": 0.39026454975083924
        },
        "80": {
            "auroc": 0.5883626875407698,
            "auprc": 0.3011057629365246,
            "precision": 0.293278651173388,
            "recall": 0.6485714285714286,
            "f1": 0.39031406721329204
        },
        "90": {
            "auroc": 0.5985844748858448,
            "auprc": 0.3068303630403855,
            "precision": 0.35074033621245393,
            "recall": 0.5876190476190477,
            "f1": 0.3952554465042088
        },
        "100": {
            "auroc": 0.6070645792563601,
            "auprc": 0.3033329055860955,
            "precision": 0.31202973127501427,
            "recall": 0.6180952380952381,
            "f1": 0.40824371161586476
        }
    },
    "epoch_stds": {
        "10": {
            "auroc": 0.03350327707190058,
            "auprc": 0.03324338916433143,
            "precision": 0.024124279420091144,
            "recall": 0.20891361362817806,
            "f1": 0.02601071714861319
        },
        "20": {
            "auroc": 0.0509761635048713,
            "auprc": 0.08293124779561281,
            "precision": 0.02922253143899644,
            "recall": 0.23476045590202962,
            "f1": 0.04617643624018284
        },
        "30": {
            "auroc": 0.03891885499246502,
            "auprc": 0.04475655525236049,
            "precision": 0.035163709528576455,
            "recall": 0.21566750254808625,
            "f1": 0.03697386630826524
        },
        "40": {
            "auroc": 0.04452232134844922,
            "auprc": 0.053878568888591626,
            "precision": 0.04540972758854681,
            "recall": 0.22980520194069207,
            "f1": 0.04947702222543192
        },
        "50": {
            "auroc": 0.05584084557137692,
            "auprc": 0.05057451747817211,
            "precision": 0.15083390085539125,
            "recall": 0.3158094376471822,
            "f1": 0.11412652239787323
        },
        "60": {
            "auroc": 0.04984034902470432,
            "auprc": 0.049499592046934375,
            "precision": 0.04182966524271512,
            "recall": 0.24843090353697855,
            "f1": 0.10509219104248599
        },
        "70": {
            "auroc": 0.04339903112284875,
            "auprc": 0.05435382277355528,
            "precision": 0.037295364078843214,
            "recall": 0.1633062590360909,
            "f1": 0.040043019726051954
        },
        "80": {
            "auroc": 0.04743520167530733,
            "auprc": 0.04842835218138923,
            "precision": 0.037807539156884264,
            "recall": 0.19359705213175202,
            "f1": 0.03897007487784144
        },
        "90": {
            "auroc": 0.040395398783937664,
            "auprc": 0.04223767347594007,
            "precision": 0.08248276134550066,
            "recall": 0.2442694694310878,
            "f1": 0.04404558270639955
        },
        "100": {
            "auroc": 0.04473541834494608,
            "auprc": 0.0271476502173585,
            "precision": 0.02312232678316086,
            "recall": 0.14950105984047082,
            "f1": 0.0360257161255754
        }
    },
    "best_epoch": 100,
    "final_auroc_mean": 0.6070645792563601,
    "final_auroc_std": 0.04473541834494608
}