{
    "epoch_means": {
        "10": {
            "auroc": 0.5537051532941943,
            "auprc": 0.3010335169695702,
            "precision": 0.2986050492083868,
            "recall": 0.6019047619047619,
            "f1": 0.36579663286647107
        },
        "20": {
            "auroc": 0.5893574690150032,
            "auprc": 0.32869146400013677,
            "precision": 0.3676224721863667,
            "recall": 0.5823809523809524,
            "f1": 0.37926702926702927
        },
        "30": {
            "auroc": 0.5891422048271364,
            "auprc": 0.3321395846753099,
            "precision": 0.48612179487179485,
            "recall": 0.3961904761904762,
            "f1": 0.3427438905699775
        },
        "40": {
            "auroc": 0.6104500978473582,
            "auprc": 0.33141585508003246,
            "precision": 0.3476092724479821,
            "recall": 0.5119047619047619,
            "f1": 0.3819206848750515
        },
        "50": {
            "auroc": 0.6145140247879974,
            "auprc": 0.3331074858527831,
            "precision": 0.3131086324935774,
            "recall": 0.57,
            "f1": 0.3993334143075762
        },
        "60": {
            "auroc": 0.6097423352902804,
            "auprc": 0.3310728034436662,
            "precision": 0.30333333333333334,
            "recall": 0.5790476190476191,
            "f1": 0.3954452083863848
        },
        "70": {
            "auroc": 0.6059360730593607,
            "auprc": 0.3139982882531652,
            "precision": 0.33653429226599957,
            "recall": 0.5961904761904762,
            "f1": 0.3966687832818377
        },
        "80": {
            "auroc": 0.6078799739073711,
            "auprc": 0.3188815116792206,
            "precision": 0.33484167000133386,
            "recall": 0.6161904761904762,
            "f1": 0.39931650539586006
        },
        "90": {
            "auroc": 0.6021461187214612,
            "auprc": 0.3070493515988229,
            "precision": 0.28867073815045985,
            "recall": 0.6861904761904762,
            "f1": 0.40563478904753475
        },
        "100": {
            "auroc": 0.6033463796477495,
            "auprc": 0.31139064220104473,
            "precision": 0.336014690648837,
            "recall": 0.5871428571428572,
            "f1": 0.3877239123919348
        }
    },
    "epoch_stds": {
        "10": {
            "auroc": 0.05094792328054665,
            "auprc": 0.039182349076540925,
            "precision": 0.06420083583615364,
            "recall": 0.23314083410264516,
            "f1": 0.042138464921858756
        },
        "20": {
            "auroc": 0.06413273749025698,
            "auprc": 0.056772168688980086,
            "precision": 0.15454661087483762,
            "recall": 0.2507883262444623,
            "f1": 0.05744476858417636
        },
        "30": {
            "auroc": 0.04769069304896937,
            "auprc": 0.05544893135912548,
            "precision": 0.20845794103875495,
            "recall": 0.2637149564042444,
            "f1": 0.046619193607459024
        },
        "40": {
            "auroc": 0.05728424293346122,
            "auprc": 0.06078538282327881,
            "precision": 0.05060411062469069,
            "recall": 0.21760914846715115,
            "f1": 0.06523491286974563
        },
        "50": {
            "auroc": 0.043556708696791686,
            "auprc": 0.056808216663438,
            "precision": 0.02772095142205969,
            "recall": 0.0981876587282262,
            "f1": 0.026507937712201012
        },
        "60": {
            "auroc": 0.0416735302243839,
            "auprc": 0.03109556175482154,
            "precision": 0.027119873309893457,
            "recall": 0.09848512439902361,
            "f1": 0.03649057266691668
        },
        "70": {
            "auroc": 0.03742168768121197,
            "auprc": 0.021310784868884738,
            "precision": 0.05531586720845752,
            "recall": 0.20567129180347177,
            "f1": 0.06079422377477238
        },
        "80": {
            "auroc": 0.0407338164042098,
            "auprc": 0.023962072218072818,
            "precision": 0.0554207129039911,
            "recall": 0.2145997698612228,
            "f1": 0.06302019337533021
        },
        "90": {
            "auroc": 0.044475699079265504,
            "auprc": 0.01949688708951695,
            "precision": 0.02094302114013896,
            "recall": 0.08594413626201107,
            "f1": 0.03294286229941544
        },
        "100": {
            "auroc": 0.05293671129215941,
            "auprc": 0.019804708557654607,
            "precision": 0.05012043828988717,
            "recall": 0.23045651234372322,
            "f1": 0.08423260660549964
        }
    },
    "best_epoch": 50,
    "final_auroc_mean": 0.6033463796477495,
    "final_auroc_std": 0.05293671129215941
}