{
    "epoch_means": {
        "10": {
            "auroc": 0.5621135029354207,
            "auprc": 0.3019942570692134,
            "precision": 0.28612594825596066,
            "recall": 0.6014285714285714,
            "f1": 0.36686220832572436
        },
        "20": {
            "auroc": 0.589341161121983,
            "auprc": 0.31177364032283716,
            "precision": 0.3576312576312576,
            "recall": 0.5433333333333333,
            "f1": 0.37882241186210797
        },
        "30": {
            "auroc": 0.5890867579908676,
            "auprc": 0.3235866158657754,
            "precision": 0.3564146479706252,
            "recall": 0.44238095238095243,
            "f1": 0.36544595628067045
        },
        "40": {
            "auroc": 0.5960730593607305,
            "auprc": 0.3232065218459119,
            "precision": 0.3696768434719517,
            "recall": 0.5228571428571429,
            "f1": 0.37299552299552297
        },
        "50": {
            "auroc": 0.6154794520547945,
            "auprc": 0.3319718774687689,
            "precision": 0.3139393939393939,
            "recall": 0.5690476190476191,
            "f1": 0.4026131049356856
        },
        "60": {
            "auroc": 0.6181930854533594,
            "auprc": 0.31801640917431573,
            "precision": 0.3184684684684685,
            "recall": 0.56,
            "f1": 0.4041014505217292
        },
        "70": {
            "auroc": 0.6078147423352902,
            "auprc": 0.3133046162616345,
            "precision": 0.33242414211629706,
            "recall": 0.5766666666666667,
            "f1": 0.3887291181972655
        },
        "80": {
            "auroc": 0.6068949771689497,
            "auprc": 0.30070966232764357,
            "precision": 0.3116971544715447,
            "recall": 0.6252380952380953,
            "f1": 0.40266060522569685
        },
        "90": {
            "auroc": 0.6028701891715591,
            "auprc": 0.29679831681869745,
            "precision": 0.2924074893115141,
            "recall": 0.667142857142857,
            "f1": 0.40228145040905455
        },
        "100": {
            "auroc": 0.6098630136986302,
            "auprc": 0.3175506991146944,
            "precision": 0.30323268118616953,
            "recall": 0.6176190476190475,
            "f1": 0.40067606842254727
        },
        "110": {
            "auroc": 0.6053816046966732,
            "auprc": 0.30488856125994135,
            "precision": 0.30938958916900094,
            "recall": 0.6171428571428571,
            "f1": 0.40801250174169157
        },
        "120": {
            "auroc": 0.6062948467058057,
            "auprc": 0.30223908145766626,
            "precision": 0.3245454139236829,
            "recall": 0.6357142857142858,
            "f1": 0.4170123037431783
        },
        "130": {
            "auroc": 0.6096477495107633,
            "auprc": 0.28801994365664996,
            "precision": 0.31373637315105546,
            "recall": 0.6357142857142856,
            "f1": 0.4090617429004698
        },
        "140": {
            "auroc": 0.612870189171559,
            "auprc": 0.30368627324792935,
            "precision": 0.29928367432932246,
            "recall": 0.6947619047619048,
            "f1": 0.410106315547598
        },
        "150": {
            "auroc": 0.6088127853881279,
            "auprc": 0.3070663193591906,
            "precision": 0.3161772755079043,
            "recall": 0.5971428571428572,
            "f1": 0.403393047359789
        },
        "160": {
            "auroc": 0.6102152641878669,
            "auprc": 0.3092370276231496,
            "precision": 0.3210181554992876,
            "recall": 0.6457142857142857,
            "f1": 0.4186596294320995
        },
        "170": {
            "auroc": 0.6128310502283105,
            "auprc": 0.31164366746372646,
            "precision": 0.30892919185602113,
            "recall": 0.6271428571428571,
            "f1": 0.40361532939725847
        },
        "180": {
            "auroc": 0.6192367906066536,
            "auprc": 0.31299078128605223,
            "precision": 0.383644914867741,
            "recall": 0.5471428571428572,
            "f1": 0.3885209055630573
        },
        "190": {
            "auroc": 0.6159556425309851,
            "auprc": 0.3090213153071716,
            "precision": 0.2957033405121254,
            "recall": 0.7371428571428571,
            "f1": 0.41376132904442003
        },
        "200": {
            "auroc": 0.6138421395955642,
            "auprc": 0.3096182518539893,
            "precision": 0.29356644862580417,
            "recall": 0.7080952380952381,
            "f1": 0.4063275398630937
        },
        "210": {
            "auroc": 0.5964840182648401,
            "auprc": 0.3006998255092406,
            "precision": 0.2885691391941392,
            "recall": 0.7076190476190476,
            "f1": 0.3981474407944996
        },
        "220": {
            "auroc": 0.605955642530985,
            "auprc": 0.3071013669209649,
            "precision": 0.336055171350966,
            "recall": 0.5871428571428571,
            "f1": 0.36984149665264215
        },
        "230": {
            "auroc": 0.6026810176125245,
            "auprc": 0.2960965529737665,
            "precision": 0.28617032417606303,
            "recall": 0.6390476190476191,
            "f1": 0.3900925311474463
        },
        "240": {
            "auroc": 0.6031180691454665,
            "auprc": 0.3160126340462051,
            "precision": 0.34468871172363685,
            "recall": 0.5395238095238095,
            "f1": 0.37033458941213404
        },
        "250": {
            "auroc": 0.5984213959556425,
            "auprc": 0.30893529528655017,
            "precision": 0.30390087243535524,
            "recall": 0.5885714285714286,
            "f1": 0.36988482738008355
        },
        "260": {
            "auroc": 0.6053098499673842,
            "auprc": 0.30633399858806676,
            "precision": 0.2687859377014865,
            "recall": 0.8633333333333333,
            "f1": 0.4082100201121336
        },
        "270": {
            "auroc": 0.5991976516634051,
            "auprc": 0.31823060312725326,
            "precision": 0.2924305177744456,
            "recall": 0.5423809523809524,
            "f1": 0.36886828429049123
        },
        "280": {
            "auroc": 0.6110632746249185,
            "auprc": 0.3107554222638025,
            "precision": 0.31478143493210997,
            "recall": 0.5895238095238096,
            "f1": 0.3635570806154736
        },
        "290": {
            "auroc": 0.6001435094585779,
            "auprc": 0.3148100418296611,
            "precision": 0.3133699633699633,
            "recall": 0.5480952380952381,
            "f1": 0.3588693504522082
        },
        "300": {
            "auroc": 0.6040704500978473,
            "auprc": 0.32414015039051963,
            "precision": 0.3338047138047138,
            "recall": 0.579047619047619,
            "f1": 0.36676277102087784
        }
    },
    "epoch_stds": {
        "10": {
            "auroc": 0.04789291893593769,
            "auprc": 0.03866236047285138,
            "precision": 0.024066799319506962,
            "recall": 0.2382551843713345,
            "f1": 0.05547054841525718
        },
        "20": {
            "auroc": 0.05632504845646199,
            "auprc": 0.03028686842996188,
            "precision": 0.1133602153240015,
            "recall": 0.22337546561665134,
            "f1": 0.05893262896602362
        },
        "30": {
            "auroc": 0.05410660497809819,
            "auprc": 0.06276599838706164,
            "precision": 0.0542910875623993,
            "recall": 0.1897689250060694,
            "f1": 0.05396812596921819
        },
        "40": {
            "auroc": 0.051898660996459796,
            "auprc": 0.04036815276508532,
            "precision": 0.14936611251926352,
            "recall": 0.19685509248592412,