{
    "epoch_means": {
        "10": {
            "auroc": 0.5256033920417482,
            "auprc": 0.280911916388875,
            "precision": 0.27999486389316897,
            "recall": 0.6166666666666667,
            "f1": 0.3708750984192356
        },
        "20": {
            "auroc": 0.5513242009132421,
            "auprc": 0.26970498533097326,
            "precision": 0.29771333136850375,
            "recall": 0.5361904761904762,
            "f1": 0.374267942476444
        },
        "30": {
            "auroc": 0.5639073711676452,
            "auprc": 0.2895644968667471,
            "precision": 0.3094858060289279,
            "recall": 0.5476190476190477,
            "f1": 0.3769751631705023
        },
        "40": {
            "auroc": 0.5948336594911938,
            "auprc": 0.30475909300215326,
            "precision": 0.2963258373312995,
            "recall": 0.6371428571428571,
            "f1": 0.3849183592194345
        },
        "50": {
            "auroc": 0.5975864318330072,
            "auprc": 0.30397314378355805,
            "precision": 0.2898365123840122,
            "recall": 0.6771428571428572,
            "f1": 0.39583668412782347
        },
        "60": {
            "auroc": 0.5718851924331376,
            "auprc": 0.2976944999378821,
            "precision": 0.2980453840876172,
            "recall": 0.5380952380952381,
            "f1": 0.3739647639182523
        },
        "70": {
            "auroc": 0.5809719504240052,
            "auprc": 0.3042509041977769,
            "precision": 0.2905602846449528,
            "recall": 0.5685714285714285,
            "f1": 0.3774285644855012
        },
        "80": {
            "auroc": 0.5695825179386824,
            "auprc": 0.3044961772374418,
            "precision": 0.28648239901638395,
            "recall": 0.55,
            "f1": 0.3722986164162635
        },
        "90": {
            "auroc": 0.5808545335942596,
            "auprc": 0.298623045579896,
            "precision": 0.3005145203581853,
            "recall": 0.5566666666666666,
            "f1": 0.3730597878820493
        },
        "100": {
            "auroc": 0.5972863666014351,
            "auprc": 0.315107920597245,
            "precision": 0.329062980030722,
            "recall": 0.5176190476190476,
            "f1": 0.38959861734509627
        },
        "110": {
            "auroc": 0.6019243313763861,
            "auprc": 0.2993234435203188,
            "precision": 0.30009417560127505,
            "recall": 0.6557142857142857,
            "f1": 0.4038564891298755
        },
        "120": {
            "auroc": 0.5976386170906718,
            "auprc": 0.3049734126732447,
            "precision": 0.303481684981685,
            "recall": 0.5185714285714285,
            "f1": 0.378921208736268
        },
        "130": {
            "auroc": 0.5860534898891064,
            "auprc": 0.3024931054748753,
            "precision": 0.328872230710466,
            "recall": 0.42095238095238097,
            "f1": 0.3605080490530339
        },
        "140": {
            "auroc": 0.594187866927593,
            "auprc": 0.31864020092969014,
            "precision": 0.3229827948249001,
            "recall": 0.5585714285714285,
            "f1": 0.38754736756838926
        },
        "150": {
            "auroc": 0.5914285714285714,
            "auprc": 0.31676906755099027,
            "precision": 0.30000016479215585,
            "recall": 0.5985714285714285,
            "f1": 0.3856076150160297
        },
        "160": {
            "auroc": 0.5986627527723418,
            "auprc": 0.31395181851204185,
            "precision": 0.2952122367584861,
            "recall": 0.6052380952380952,
            "f1": 0.3848959877947947
        },
        "170": {
            "auroc": 0.5897390737116766,
            "auprc": 0.299697673589405,
            "precision": 0.28230411563178753,
            "recall": 0.6657142857142857,
            "f1": 0.3852573892990527
        },
        "180": {
            "auroc": 0.6084083496412264,
            "auprc": 0.3106464709744425,
            "precision": 0.28992296487434027,
            "recall": 0.6676190476190476,
            "f1": 0.39265014968466116
        },
        "190": {
            "auroc": 0.6128049575994783,
            "auprc": 0.31873136828765103,
            "precision": 0.28328814277318076,
            "recall": 0.7638095238095238,
            "f1": 0.40738057044886977
        },
        "200": {
            "auroc": 0.5961056751467712,
            "auprc": 0.3221306351627313,
            "precision": 0.30670482060312565,
            "recall": 0.568095238095238,
            "f1": 0.3790697674418605
        }
    },
    "epoch_stds": {
        "10": {
            "auroc": 0.04314665892520288,
            "auprc": 0.05236642492194053,
            "precision": 0.03346257975027303,
            "recall": 0.17002067367957951,
            "f1": 0.03717187336917322
        },
        "20": {
            "auroc": 0.033622181064188364,
            "auprc": 0.05835512250312585,
            "precision": 0.040228977375627716,
            "recall": 0.13575521521492234,
            "f1": 0.039996689729349964
        },
        "30": {
            "auroc": 0.0121664943796371,
            "auprc": 0.041264492952062526,
            "precision": 0.04365017747503071,
            "recall": 0.1743598593261009,
            "f1": 0.024322483677077192
        },
        "40": {
            "auroc": 0.037236536599868926,
            "auprc": 0.035952677848517446,
            "precision": 0.039950952126379155,
            "recall": 0.20006008167842762,
            "f1": 0.034683337053284795
        },
        "50": {
            "auroc": 0.040080525467324386,
            "auprc": 0.02840022836469129,
            "precision": 0.02299333365671498,
            "recall": 0.17269768323842205,
            "f1": 0.023813740641373572
        },
        "60": {
            "auroc": 0.04260418246696141,
            "auprc": 0.03807233651875273,
            "precision": 0.013827083749893566,
            "recall": 0.1621356896534826,
            "f1": 0.03445767334633625
        },
        "70": {
            "auroc": 0.01980325244054364,
            "auprc": 0.04066439609834829,
            "precision": 0.010943038924032653,
            "recall": 0.14575940789075037,
            "f1": 0.03089604234743486
        },
        "80": {
            "auroc": 0.022187803678921415,
            "auprc": 0.0449708159262149,
            "precision": 0.030806432603221072,
            "recall": 0.0789098052818185,
            "f1": 0.017322384408717265
        },
        "90": {
            "auroc": 0.022263985650238134,
            "auprc": 0.02891609712810451,
            "precision": 0.028012729406491094,
            "recall": 0.19121523293431003,
            "f1": 0.04985290410911043
        },
        "100": {
            "auroc": 0.026834871804373422,
            "auprc": 0.03868387032350838,
            "precision": 0.025141269941328186,
            "recall": 0.15325345449676736,
            "f1": 0.05260881786826022
        },
        "110": {
            "auroc": 0.019007633910715926,
            "auprc": 0.02394151491742311,
            "precision": 0.019572857396422918,
            "recall": 0.15853352900441628,
            "f1": 0.019727773067418866
        },
        "120": {
            "auroc": 0.014135707256816146,
            "auprc": 0.02610651857657526,
            "precision": 0.018634179195140054,
            "recall": 0.08260772531173545,
            "f1": 0.007851386298021942
        },
        "130": {
            "auroc": 0.02125317897535218,
            "auprc": 0.03208051988713548,
            "precision": 0.044350328001908794,
            "recall": 0.1081633936592744,
            "f1": 0.04934185616821628
        },
        "140": {
            "auroc": 0.02202413791317961,
            "auprc": 0.02863109754650617,
            "precision": 0.049894525099854946,